Generation,10
NICOLE,RANDALL,13,0.6444284996493925,0.3060969268152758,15,0.9210406169375698,0.2197923372584315,4,0.39548617467897607,0.17716016972018678,1,0.5359917587046058,0.3670058654513151,15,0.6527397500586706,0.4969677708331237,2,0.922189469360276,0.6398279881650555,8,0.5211094475927375,0.3557957208627244,11,0.35040714248190585,0.8305922291954103,15,0.5879758526171076,0.5479989969474229,11,0.8455384955679379,0.8882166583194808
ELNORA,ONEILL,6,0.06825724349168438,0.21247441991469973,12,0.7766310605696459,0.8330724551440623,4,0.22221470765130036,0.41817877343787346,4,0.5776358858546873,0.7087145714180664,12,0.22337045284147405,0.30157038968411876,10,0.7764324237065365,0.8800056178768679,9,0.9033645402769519,0.025237494607047273,11,0.5778197501272319,0.9696475726031573,1,0.2623866896432999,0.5185422889966887,2,0.39205031547785185,0.23685676634087938
MADISON,KRAUSE,0,0.24131853963421923,0.6067519475005312,0,0.12014579952510351,0.5601672918032865,6,0.06788529889656392,0.7505335241971237,5,0.03433014580617155,0.045294200507514315,6,0.5267881315067865,0.8282900896961694,10,0.6093461730201014,0.19666734510114703,12,0.2929599168049626,0.7956255886228697,0,0.5853755020346846,0.6675014734043133,4,0.17821794531024393,0.1812390349645424,2,0.22896493597665024,0.5425484977791144
