Mutation Chance,10.0
Steady State Percent,0.1
Generation,Minimum Fitness,Maximum Fitness,Mean Fitness
1,-0.2,2.3,0.7450000000000002
2,-1.1,3.2,0.7699999999999999
3,-0.5,1.8,0.8
4,-0.9,0.6,-0.16499999999999998
5,-0.5,2.0,0.5950000000000001
