Generation,4
HUEY,GATES,5,0.19540438962188766,0.4759572424180697,6,0.20623429186341102,0.6992244169531829,12,0.12969426755327595,0.9938480157919396,9,0.8704184902184731,0.5146234983494167,5,0.8068558213015136,0.258986978699028,12,0.9043090596902298,0.5738097609659867,2,0.29664348789269546,0.4147479942589434,15,0.46113711016880965,0.12953791198844744,6,0.07817156448714846,0.21604795187228132,15,0.9298200374697698,0.4566952673767286
SAMARA,HOPKINS,11,0.18082936207343125,0.7988731224052892,1,0.7886245314263183,0.593686411063193,7,0.25804021235168517,0.5910695362689421,7,0.17464294886881815,0.2743013636562569,3,0.19900233047490734,0.5205950388942033,8,0.987732306339275,0.41312457421356863,9,0.9426100979730645,0.1239070903553593,12,0.4770789234479499,0.679737521954492,5,0.2378316433435803,0.8457506838620568,12,0.05058570643020743,0.07955751051620985
LORILEE,HOPKINS,11,0.18082936207343125,0.7988731224052892,1,0.7886245314263183,0.593686411063193,7,0.25804021235168517,0.5910695362689421,7,0.17464294886881815,0.2743013636562569,3,0.19900233047490734,0.5205950388942033,3,0.6500840801651653,0.6387875537904681,10,0.5856159201147264,0.048377082794927695,5,0.8993220958542104,0.01746853190137143,9,0.03292481727428176,0.18939017432676675,9,0.3903919999302927,0.8840201138710133
SAMARA,WOOD,11,0.18082936207343125,0.7988731224052892,1,0.7886245314263183,0.593686411063193,7,0.25804021235168517,0.5910695362689421,7,0.17464294886881815,0.2743013636562569,3,0.19900233047490734,0.5205950388942033,8,0.987732306339275,0.41312457421356863,9,0.9426100979730645,0.1239070903553593,12,0.4770789234479499,0.679737521954492,5,0.2378316433435803,0.8457506838620568,12,0.05058570643020743,0.07955751051620985
SAMARA,WOOD,11,0.18082936207343125,0.7988731224052892,1,0.7886245314263183,0.593686411063193,7,0.25804021235168517,0.5910695362689421,7,0.17464294886881815,0.2743013636562569,3,0.19900233047490734,0.5205950388942033,8,0.987732306339275,0.41312457421356863,9,0.9426100979730645,0.1239070903553593,12,0.4770789234479499,0.679737521954492,5,0.2378316433435803,0.8457506838620568,12,0.05058570643020743,0.07955751051620985
