Mutation Chance,5.0
Steady State Percent,0.15
Generation,Minimum Fitness,Maximum Fitness,Mean Fitness
1,0.3,0.8,0.49999999999999994
2,-0.3,0.4,0.11666666666666665
3,-0.8,1.5,0.26666666666666666
