Generation,1
EMIKO,MAYNARD,9,0.6419266600622503,0.8456860512903224,11,0.9937650306151037,0.21485636466733382,2,0.3092064922964902,0.733037947455998,3,0.6324621864981705,0.1722677898010404,2,0.705785773237153,0.014888615767492785,2,0.46535192235800993,0.08763246206788944,10,0.6227779363224863,0.9734894154286966,10,0.1522531605120484,0.06644586823170939,7,0.1278666730679484,0.40581870153921895,15,0.7403654083157966,0.8752617588425518
MICHEAL,ROWLAND,13,0.9805644930992171,0.11060730357990023,0,0.008635076775922346,0.6651050865255289,12,0.8577007560381733,0.6772064264267565,8,0.5959627485971295,0.4825667750700876,8,0.036091516364249676,0.5343342172682518,13,0.42294206939880974,0.1129461422365976,8,0.06685862712141533,0.8980139666241563,7,0.825605186179339,0.3721427414656573,14,0.4006506035874645,0.25998221873683924,14,0.6748976939104401,0.02541174276180258
ELIDA,HORN,1,0.3249763507426169,0.9004638509785544,2,0.7101021383493612,0.5855507680273824,5,0.41085148727169996,0.6374218812741398,9,0.45096490500600017,0.32228800946622027,14,0.15695324349328832,0.21111871547491023,15,0.21972434243794015,0.19298296089566513,6,0.33932165278933435,0.5917356209138165,12,0.6970354189148359,0.20859987219543408,8,0.3305802512679529,0.8892761621094185,12,0.6339691194563796,0.4141821075862444
ED,STRICKLAND,13,0.033222722050236686,0.19033389432323633,0,0.7167306067653368,0.2917091080727948,4,0.6406365583320169,0.4610439157339158,12,0.7861464410021867,0.9273065711249738,4,0.45955114624080184,0.2886378112267537,0,0.20617842572054046,0.3071643126886888,10,0.7126819754544508,0.2114911874155445,11,0.5215327925734478,0.3218803526730951,5,0.3157522285412745,0.8237522019802543,5,0.553936355440245,0.77071434751501
AMBROSE,LANE,14,0.5060455130848857,0.21391962683121268,5,0.6208297068463707,0.20300242341291308,11,0.5642340826602061,0.6973604004735542,5,0.2750192121110797,0.5875222034593166,1,0.08732362655655357,0.5596108741105932,0,0.1340789665103349,0.42114455361638214,2,0.8042341180686319,0.9209122587178431,2,0.5897337753378645,0.44650273944059016,7,0.6169715230472054,0.08425401133758337,5,0.12742407491114338,0.3350796457707784
