Generation,3
ANDERA,ENGLISH,7,0.02425078755934862,0.49306402347094636,5,0.9290407494233496,0.6068140167464363,11,0.7850742606201366,0.6472038855955485,15,0.8751230609942942,0.6444754959197097,14,0.12961469577248563,0.6927278775718582,11,0.3948795321739016,0.7686084700083556,9,0.23306841521622723,0.16888069026270347,1,0.7217597677199833,0.31318237537763904,2,0.2108050082774804,0.7778441203971147,8,0.7592040096459978,0.7848747615562214
JERALDINE,BRUCE,3,0.7761247264129582,0.7255664657386489,6,0.17758169955840775,0.09426870817733224,6,0.836352275604253,0.6763264666259806,12,0.1252809803545628,0.5274405324882708,15,0.23717231040909426,0.22338847613217827,12,0.992865508677179,0.4804038200787243,5,0.41496237914544865,0.7019586179763936,15,0.39392184167607824,0.9571952416406736,15,0.8865146357538454,0.2626932568944631,4,0.662206930687953,0.13950749219247016
MODESTA,KLEIN,14,0.35096542075442727,0.25333993181408165,3,0.4176051857644939,0.7712306791401077,10,0.16462515725725335,0.4410565260428475,10,0.8765040075991156,0.8462540431765427,0,0.17503175065774101,0.49724788044638624,11,0.13796797915016734,0.9819191582162076,13,0.2996559328618502,0.46224454762609857,11,0.5090168113034912,0.2579967436012882,2,0.3886459311717749,0.3846799934411017,1,0.553514802385232,0.1366644512262577
JESUSA,VAUGHAN,2,0.15482510138277394,0.3259281259471395,5,0.8182899046405894,0.6551563655097307,3,0.5620257712109822,0.9545162619470358,7,0.820207976808348,0.6012246280395973,0,0.7488999759885049,0.40855610440010093,5,0.620598582745221,0.07435669715056892,13,0.8330584549401102,0.7699224886974473,11,0.9039334264070892,0.8331831522987581,9,0.22922147605912757,0.35452701912274454,1,0.07268845293260828,0.942335932932706
