Mutation Chance,5.0
Steady State Percent,0.15
Generation,Minimum Fitness,Maximum Fitness,Mean Fitness
1,-1.2,2.0,0.272
2,-0.9,2.0,0.514
3,-0.8,1.8,0.4460000000000002
4,-1.0,5.5,0.4660000000000001
5,-0.5,1.4,0.13999999999999999
6,-0.2,3.2,0.5500000000000002
7,0.0,3.5,1.2539999999999996
8,-0.3,1.3,0.442
9,-0.4,2.4,0.9299999999999998
10,-0.5,1.8,0.642
