Mutation Chance,5.0
Steady State Percent,0.15
Generation,Minimum Fitness,Maximum Fitness,Mean Fitness
1,-1.0,2.2,0.45999999999999996
2,-0.3,1.4,0.55
3,-0.4,0.9,0.24000000000000005
4,-0.6,1.1,0.3
5,0.1,0.9,0.6799999999999999
6,0.1,0.9,0.7
