Generation,1
DUSTY,DORSEY,3,0.10185539679197797,0.39159880166706185,8,0.66836108217511,0.2850646886768977,13,0.5822221307109979,0.39632536206490765,13,0.7002872960171771,0.2843467477135251,3,0.9589061224715102,0.8258871806256453,13,0.23236100783892188,0.23448934711264535,10,0.2938569112717194,0.3419525603161164,3,0.35867828454094564,0.40542861048320555,9,0.45456667106875415,0.29101465750907984,8,0.5675951127334157,0.6010892703589023
LYLA,BURTON,1,0.8238501049698305,0.30801572005544786,4,0.8458830293339258,0.48471823669800995,5,0.5865179855589219,0.9597302442109206,1,0.045481628200502944,0.9529651629425185,10,0.3786800396903782,0.7501926323518524,11,0.9471293329776401,0.22763433166665392,8,0.35637941372071313,0.12994962707083302,11,0.14448888992676723,0.9339009516006281,5,0.05190568994448663,0.24241487826393882,12,0.6590762271091625,0.19565351874721448
CONCEPTION,GALLAGHER,15,0.11354521318301913,0.3894604515584037,10,0.6481503415436722,0.1285334082715056,13,0.36730283876927405,0.11671408166907726,14,0.06923638320479719,0.9465451550601088,8,0.007840162406907991,0.618585346876943,4,0.20123699265350803,0.49461924764484855,13,0.536605165036523,0.8407327608096327,14,0.4108579955480218,0.7649605839433795,0,0.8291082295065697,0.2498872035375641,12,0.4788108217166638,0.9151606234682564
