Generation,4
STEPANIE,WOOD,15,0.45699579589857187,0.17974887875719625,2,0.16175402221006285,0.199208204896983,11,0.016307615593832203,0.8138868586047331,4,0.9225287293349009,0.10061451450358505,5,0.3186026364650836,0.26514376817226293,0,0.21945799966425017,0.7288552149726012,12,0.9786876783109913,0.18559886362724165,2,0.859857120414266,0.5473180701743964,8,0.8180831102051435,0.19153959835468404,3,0.6228462217327524,0.651272312875081
STEPANIE,HO,15,0.45699579589857187,0.17974887875719625,2,0.16175402221006285,0.199208204896983,11,0.016307615593832203,0.8138868586047331,4,0.9225287293349009,0.10061451450358505,5,0.3186026364650836,0.26514376817226293,0,0.21945799966425017,0.7288552149726012,12,0.9786876783109913,0.18559886362724165,2,0.859857120414266,0.5473180701743964,8,0.29911801606072497,0.8749984206441245,13,0.6803586926195471,0.6755105520044256
ELBERT,HO,8,0.9001130829560144,0.6570068207071561,15,0.45634814681699565,0.24073825061017196,15,0.034790869818685954,0.5814527885823929,5,0.08590649486115565,0.7177164963082672,1,0.7787280292790211,0.9120912014600091,13,0.42103685137038016,0.3159299410077716,7,0.5782892252156431,0.16942501998310167,4,0.968006369796334,0.645216057814444,8,0.29911801606072497,0.8749984206441245,13,0.6803586926195471,0.6755105520044256
