Generation,Minimum Fitness,Maximum Fitness,Mean Fitness
1,-0.1,1.3,0.3
2,-1.0,0.6,-0.04999999999999999
3,-0.1,1.1,0.3833333333333333
