Generation,3
ROGELIO,MCCULLOUGH,5,0.9746909340491767,0.6471622217140105,6,0.012001276383922121,0.07005683889828052,9,0.7705835896566566,0.38483025909302826,8,0.29614129839075887,0.6295926194021505,10,0.37354617285170555,0.9316916159255207,8,0.1385695575908925,0.6182377244498575,7,0.6030719531416904,0.5549193237672226,1,0.4813532870014361,0.9734288327247179,12,0.005058726631713695,0.28518208348972585,5,0.59885266621527,0.4052633904811441
BERNIECE,WATSON,10,0.5390505553137922,0.2536454827031108,15,0.628311718021398,0.9288616362171792,5,0.9605274408616714,0.4908904650127027,12,0.6153648647493226,0.2987166465592266,9,0.7124568710422403,0.9562128041971634,15,0.10510574818759677,0.8228691029710047,6,0.18910954598407304,0.958365658537266,13,0.6961381515363487,0.7923993550163696,8,0.3765899676328628,0.511455810892601,11,0.24756618580043788,0.51079533854494
BETH,WATERS,6,0.7184994886396159,0.17057825654328185,10,0.46997849702679373,0.23361036503188803,4,0.5983217581558953,0.038757018047785086,1,0.4986282161821106,0.80923684222116,6,0.8716976090856952,0.8690418633463606,9,0.8825247925094009,0.1682125040994118,14,0.21136572161990108,0.26038488415105576,9,0.782785639327205,0.37261821924807137,3,0.13288426266623932,0.843054721789792,8,0.8703285188876997,0.08211911186143617
