Generation,Minimum Fitness,Maximum Fitness,Mean Fitness
1,0.2,1.3,0.5666666666666667
2,-0.6,0.3,-0.13333333333333333
3,0.3,2.1,1.3333333333333333
